配信名,配信日,国,チャネル,部署,ステータス,テーマ,掲載商品,コピー,制作指示
秋の新作ニット,2026-10-02 10:00,JP,メール,販促,承認済み,,,,
週末セール,2026-10-04 09:00,JP,メール,販促,確定,,,,
タイムセール,2026-10-04 18:00,JP,プッシュ,販促,確定,,,,
アウター特集,2026-10-06 10:00,JP,メール,販促,検討中,,,,
雨の日のおすすめ,2026-10-09 12:00,JP,プッシュ,CRM,未起案,,,,
会員感謝ウィーク,2026-10-11 10:00,JP,メール,CRM,確定,,,,
ブーツ特集,2026-10-13 10:00,JP,メール,販促,検討中,,,,
ハロウィン企画,2026-10-16 10:00,JP,メール,EC,未起案,,,,
冬支度スタート,2026-10-20 10:00,JP,メール,販促,未起案,,,,
ルームウェア特集,2026-10-23 10:00,JP,メール,EC,未起案,,,,
ブラックフライデー予告,2026-10-27 10:00,JP,メール,販促,未起案,,,,
ラストコール,2026-10-30 12:00,JP,プッシュ,販促,未起案,,,,
