画像コード,画像名,用途,季節,タグ,説明,画像URL
H01,秋のコーディネート集合,新作,秋,"新作,秋,コーディネート,アウター",秋色のアウターとニットを合わせた全身コーディネート。新作紹介の定番ビジュアル,https://placehold.co/1200x675?text=H01
H02,落ち葉の並木道,新作,秋,"秋,新作,自然,街歩き",落ち葉の並木道を歩くモデル。穏やかで上品な秋の雰囲気,https://placehold.co/1200x675?text=H02
H03,ウールコートのポートレート,特集,秋冬,"アウター,コート,ウール,上質",ウールコートを着たモデルの上半身。上質さを伝えたい特集向け,https://placehold.co/1200x675?text=H03
H04,ダウンとマフラーの冬景色,特集,冬,"冬,防寒,ダウン,マフラー,雪",雪の街並みでダウンとマフラーを合わせたスタイル,https://placehold.co/1200x675?text=H04
H05,ニットの質感クローズアップ,特集,秋冬,"ニット,質感,暖かい,クローズアップ",ニットの編み目と質感を近接で見せるビジュアル,https://placehold.co/1200x675?text=H05
H06,ブーツ足元カット,特集,秋冬,"ブーツ,足元,レザー,シューズ",レザーブーツの足元を切り取ったカット。ブーツ特集向け,https://placehold.co/1200x675?text=H06
H07,雨の日の街角,特集,通年,"雨,レイン,傘,雨の日",傘とレインアウターで歩く雨の街。雨予報のタイミングに,https://placehold.co/1200x675?text=H07
H08,週末セール告知バナー,セール,通年,"セール,週末,お得,赤",大きな文字でセールを訴求するグラフィック。価格訴求が主役,https://placehold.co/1200x675?text=H08
H09,タイムセール緊急バナー,セール,通年,"タイムセール,緊急,今夜まで,黄",黄色と黒で緊急感を出したグラフィック。プッシュや短文と相性が良い,https://placehold.co/1200x675?text=H09
H10,ブラックフライデー,セール,秋冬,"ブラックフライデー,大型セール,黒,年末",黒を基調にした大型セール告知。11月の企画向け,https://placehold.co/1200x675?text=H10
H11,会員感謝ギフトカード,会員,通年,"会員,感謝,特典,ギフト,上品",会員限定の特典をイメージした上品なギフトモチーフ,https://placehold.co/1200x675?text=H11
H12,会員ラウンジの雰囲気,会員,通年,"会員,ラウンジ,特別,ゴールド",ゴールドを差し色にした会員向けの特別感のあるビジュアル,https://placehold.co/1200x675?text=H12
H13,ハロウィンモチーフ,イベント,秋,"ハロウィン,かぼちゃ,オレンジ,10月",かぼちゃとオレンジを使ったハロウィン企画向け,https://placehold.co/1200x675?text=H13
H14,ホリデーツリーとギフト,イベント,冬,"ホリデー,クリスマス,ギフト,ツリー",ツリーとギフトボックスのホリデーシーズン向け,https://placehold.co/1200x675?text=H14
H15,年末年始の華やかテーブル,イベント,冬,"年末年始,お祝い,華やか,ゴールド",年末年始企画向けの華やかなビジュアル,https://placehold.co/1200x675?text=H15
H16,ルームウェアでくつろぐ,特集,秋冬,"ルームウェア,ホーム,くつろぎ,ブランケット",ブランケットとルームウェアでくつろぐ休日の室内,https://placehold.co/1200x675?text=H16
H17,週末のカジュアルスナップ,新作,通年,"週末,カジュアル,スニーカー,デニム",デニムとスニーカーのカジュアルな街スナップ,https://placehold.co/1200x675?text=H17
H18,通勤きれいめスタイル,新作,秋,"通勤,きれいめ,スラックス,ローファー",スラックスとローファーのきれいめ通勤スタイル,https://placehold.co/1200x675?text=H18
H19,秋の新作ロゴビジュアル,新作,秋,"新作,秋,ロゴ,シンプル",ロゴ中心のシンプルな新作告知。商品を選ばず汎用的に使える,https://placehold.co/1200x675?text=H19
H20,バッグ小物フラットレイ,特集,通年,"バッグ,小物,フラットレイ,雑貨",バッグと小物を真上から並べたフラットレイ,https://placehold.co/1200x675?text=H20
