画像コード,画像名,用途,季節,タグ,説明,画像URL,market
UH01,Autumn Outfit Collection,新作,秋,"new,fall,outfit,outerwear",A full-look collage of fall outerwear and knits. The classic new-arrivals visual,https://placehold.co/1200x675?text=UH01,US
UH02,Leaf-Lined Boulevard,新作,秋,"fall,new,nature,city walk",A model walking down a tree-lined street of fallen leaves. Calm and refined,https://placehold.co/1200x675?text=UH02,US
UH03,Wool Coat Portrait,特集,秋冬,"outerwear,coat,wool,premium",Upper-body portrait in a wool coat. For features about quality,https://placehold.co/1200x675?text=UH03,US
UH04,Winter Scene with Down & Scarf,特集,冬,"winter,down,scarf,warm",A crisp winter scene with a down jacket and scarf,https://placehold.co/1200x675?text=UH04,US
UH05,Knit Texture Close-up,特集,秋冬,"knit,texture,sweater,cozy",Close-up of knit texture. Conveys warmth and craftsmanship,https://placehold.co/1200x675?text=UH05,US
UH06,Boots Detail Shot,特集,秋冬,"boots,shoes,leather,fall",A close-up of boots on autumn pavement,https://placehold.co/1200x675?text=UH06,US
UH07,Rainy Street Corner,特集,通年,"rain,city,raincoat,umbrella",A rainy city corner. For rain gear and waterproof picks,https://placehold.co/1200x675?text=UH07,US
UH08,Weekend Sale Banner,セール,通年,"sale,weekend,banner",Bold weekend sale announcement banner,https://placehold.co/1200x675?text=UH08,US
UH09,Flash Deal Banner,セール,通年,"sale,flash,urgent,banner",Urgent flash-deal banner with a countdown feel,https://placehold.co/1200x675?text=UH09,US
UH10,Black Friday,セール,秋冬,"black friday,sale,deals",High-contrast Black Friday visual,https://placehold.co/1200x675?text=UH10,US
UH11,Member Thank-You Gift Card,会員,通年,"members,gift,thank you",A thank-you gift card for loyal members,https://placehold.co/1200x675?text=UH11,US
UH12,Members Lounge Mood,会員,通年,"members,lounge,exclusive","A relaxed, exclusive members-only atmosphere",https://placehold.co/1200x675?text=UH12,US
UH13,Halloween Motif,イベント,秋,"halloween,event,pumpkin",Playful Halloween motif with pumpkins and warm light,https://placehold.co/1200x675?text=UH13,US
UH14,Holiday Tree & Gifts,イベント,冬,"holiday,gift,tree,winter",A holiday tree surrounded by wrapped gifts,https://placehold.co/1200x675?text=UH14,US
UH15,New Year Table Setting,イベント,冬,"new year,table,celebration",A festive table setting for year-end celebrations,https://placehold.co/1200x675?text=UH15,US
UH16,Relaxing in Loungewear,特集,秋冬,"loungewear,home,relax,cozy",A calm at-home scene in soft loungewear,https://placehold.co/1200x675?text=UH16,US
UH17,Weekend Casual Snap,新作,通年,"casual,weekend,snap",Easygoing weekend casual snapshot,https://placehold.co/1200x675?text=UH17,US
UH18,Polished Commute Style,新作,秋,"workwear,commute,smart casual","A clean, polished look for the daily commute",https://placehold.co/1200x675?text=UH18,US
UH19,Fall Collection Logo Visual,新作,秋,"fall,logo,brand,new",Brand-forward visual announcing the fall collection,https://placehold.co/1200x675?text=UH19,US
UH20,Bags & Accessories Flat Lay,特集,通年,"bags,accessories,flatlay",A tidy flat lay of bags and small accessories,https://placehold.co/1200x675?text=UH20,US
