name,productcode,weekstart,units,revenue,stock
P01 2026-07-13,P01,2026-07-13,5,149000.0,214
P01 2026-07-20,P01,2026-07-20,5,149000.0,209
P01 2026-07-27,P01,2026-07-27,6,178800.0,203
P01 2026-08-03,P01,2026-08-03,8,238400.0,195
P01 2026-08-10,P01,2026-08-10,10,298000.0,185
P01 2026-08-17,P01,2026-08-17,12,357600.0,173
P01 2026-08-24,P01,2026-08-24,13,387400.0,160
P01 2026-08-31,P01,2026-08-31,13,387400.0,147
P01 2026-09-07,P01,2026-09-07,17,506600.0,130
P01 2026-09-14,P01,2026-09-14,17,506600.0,165
P01 2026-09-21,P01,2026-09-21,22,655600.0,143
P01 2026-09-28,P01,2026-09-28,23,685400.0,120
P02 2026-07-13,P02,2026-07-13,3,74400.0,65
P02 2026-07-20,P02,2026-07-20,4,99200.0,61
P02 2026-07-27,P02,2026-07-27,5,124000.0,56
P02 2026-08-03,P02,2026-08-03,6,148800.0,50
P02 2026-08-10,P02,2026-08-10,6,148800.0,101
P02 2026-08-17,P02,2026-08-17,8,198400.0,138
P02 2026-08-24,P02,2026-08-24,11,272800.0,127
P02 2026-08-31,P02,2026-08-31,12,297600.0,115
P02 2026-09-07,P02,2026-09-07,11,272800.0,104
P02 2026-09-14,P02,2026-09-14,13,322400.0,91
P02 2026-09-21,P02,2026-09-21,17,421600.0,74
P02 2026-09-28,P02,2026-09-28,14,347200.0,60
P03 2026-07-13,P03,2026-07-13,9,178200.0,321
P03 2026-07-20,P03,2026-07-20,9,178200.0,312
P03 2026-07-27,P03,2026-07-27,12,237600.0,300
P03 2026-08-03,P03,2026-08-03,13,257400.0,287
P03 2026-08-10,P03,2026-08-10,15,297000.0,357
P03 2026-08-17,P03,2026-08-17,20,396000.0,337
P03 2026-08-24,P03,2026-08-24,20,396000.0,317
P03 2026-08-31,P03,2026-08-31,21,415800.0,296
P03 2026-09-07,P03,2026-09-07,23,455400.0,273
P03 2026-09-14,P03,2026-09-14,25,495000.0,248
P03 2026-09-21,P03,2026-09-21,24,475200.0,224
P03 2026-09-28,P03,2026-09-28,24,475200.0,200
P04 2026-07-13,P04,2026-07-13,27,345600.0,408
P04 2026-07-20,P04,2026-07-20,29,371200.0,379
P04 2026-07-27,P04,2026-07-27,29,371200.0,350
P04 2026-08-03,P04,2026-08-03,31,396800.0,449
P04 2026-08-10,P04,2026-08-10,31,396800.0,418
P04 2026-08-17,P04,2026-08-17,33,422400.0,385
P04 2026-08-24,P04,2026-08-24,31,396800.0,354
P04 2026-08-31,P04,2026-08-31,34,435200.0,320
P04 2026-09-07,P04,2026-09-07,37,473600.0,283
P04 2026-09-14,P04,2026-09-14,34,435200.0,249
P04 2026-09-21,P04,2026-09-21,36,460800.0,213
P04 2026-09-28,P04,2026-09-28,33,422400.0,180
P05 2026-07-13,P05,2026-07-13,7,103600.0,129
P05 2026-07-20,P05,2026-07-20,8,118400.0,209
P05 2026-07-27,P05,2026-07-27,10,148000.0,199
P05 2026-08-03,P05,2026-08-03,10,148000.0,189
P05 2026-08-10,P05,2026-08-10,12,177600.0,177
P05 2026-08-17,P05,2026-08-17,14,207200.0,163
P05 2026-08-24,P05,2026-08-24,14,207200.0,149
P05 2026-08-31,P05,2026-08-31,16,236800.0,133
P05 2026-09-07,P05,2026-09-07,18,266400.0,218
P05 2026-09-14,P05,2026-09-14,22,325600.0,196
P05 2026-09-21,P05,2026-09-21,22,325600.0,174
P05 2026-09-28,P05,2026-09-28,24,355200.0,150
P06 2026-07-13,P06,2026-07-13,16,140800.0,547
P06 2026-07-20,P06,2026-07-20,20,176000.0,527
P06 2026-07-27,P06,2026-07-27,21,184800.0,506
P06 2026-08-03,P06,2026-08-03,24,211200.0,482
P06 2026-08-10,P06,2026-08-10,32,281600.0,450
P06 2026-08-17,P06,2026-08-17,30,264000.0,420
P06 2026-08-24,P06,2026-08-24,34,299200.0,550
P06 2026-08-31,P06,2026-08-31,45,396000.0,505
P06 2026-09-07,P06,2026-09-07,49,431200.0,456
P06 2026-09-14,P06,2026-09-14,42,369600.0,414
P06 2026-09-21,P06,2026-09-21,54,475200.0,360
P06 2026-09-28,P06,2026-09-28,60,528000.0,300
P07 2026-07-13,P07,2026-07-13,7,68600.0,340
P07 2026-07-20,P07,2026-07-20,8,78400.0,332
P07 2026-07-27,P07,2026-07-27,12,117600.0,320
P07 2026-08-03,P07,2026-08-03,12,117600.0,308
P07 2026-08-10,P07,2026-08-10,18,176400.0,290
P07 2026-08-17,P07,2026-08-17,16,156800.0,274
P07 2026-08-24,P07,2026-08-24,19,186200.0,255
P07 2026-08-31,P07,2026-08-31,23,225400.0,345
P07 2026-09-07,P07,2026-09-07,30,294000.0,451
P07 2026-09-14,P07,2026-09-14,26,254800.0,425
P07 2026-09-21,P07,2026-09-21,35,343000.0,390
P07 2026-09-28,P07,2026-09-28,40,392000.0,350
P08 2026-07-13,P08,2026-07-13,8,86400.0,210
P08 2026-07-20,P08,2026-07-20,11,118800.0,199
P08 2026-07-27,P08,2026-07-27,12,129600.0,187
P08 2026-08-03,P08,2026-08-03,16,172800.0,328
P08 2026-08-10,P08,2026-08-10,20,216000.0,308
P08 2026-08-17,P08,2026-08-17,17,183600.0,291
P08 2026-08-24,P08,2026-08-24,20,216000.0,271
P08 2026-08-31,P08,2026-08-31,27,291600.0,359
P08 2026-09-07,P08,2026-09-07,28,302400.0,331
P08 2026-09-14,P08,2026-09-14,34,367200.0,297
P08 2026-09-21,P08,2026-09-21,36,388800.0,261
P08 2026-09-28,P08,2026-09-28,41,442800.0,220
P09 2026-07-13,P09,2026-07-13,10,118000.0,246
P09 2026-07-20,P09,2026-07-20,13,153400.0,233
P09 2026-07-27,P09,2026-07-27,14,165200.0,307
P09 2026-08-03,P09,2026-08-03,15,177000.0,292
P09 2026-08-10,P09,2026-08-10,19,224200.0,273
P09 2026-08-17,P09,2026-08-17,19,224200.0,254
P09 2026-08-24,P09,2026-08-24,25,295000.0,229
P09 2026-08-31,P09,2026-08-31,22,259600.0,207
P09 2026-09-07,P09,2026-09-07,27,318600.0,180
P09 2026-09-14,P09,2026-09-14,26,306800.0,154
P09 2026-09-21,P09,2026-09-21,30,354000.0,124
P09 2026-09-28,P09,2026-09-28,34,401200.0,90
P10 2026-07-13,P10,2026-07-13,32,249600.0,328
P10 2026-07-20,P10,2026-07-20,36,280800.0,292
P10 2026-07-27,P10,2026-07-27,33,257400.0,375
P10 2026-08-03,P10,2026-08-03,32,249600.0,343
P10 2026-08-10,P10,2026-08-10,27,210600.0,316
P10 2026-08-17,P10,2026-08-17,25,195000.0,291
P10 2026-08-24,P10,2026-08-24,23,179400.0,268
P10 2026-08-31,P10,2026-08-31,28,218400.0,240
P10 2026-09-07,P10,2026-09-07,24,187200.0,216
P10 2026-09-14,P10,2026-09-14,19,148200.0,197
P10 2026-09-21,P10,2026-09-21,20,156000.0,177
P10 2026-09-28,P10,2026-09-28,17,132600.0,160
P11 2026-07-13,P11,2026-07-13,29,197200.0,406
P11 2026-07-20,P11,2026-07-20,24,163200.0,530
P11 2026-07-27,P11,2026-07-27,22,149600.0,508
P11 2026-08-03,P11,2026-08-03,24,163200.0,484
P11 2026-08-10,P11,2026-08-10,26,176800.0,458
P11 2026-08-17,P11,2026-08-17,27,183600.0,431
P11 2026-08-24,P11,2026-08-24,28,190400.0,403
P11 2026-08-31,P11,2026-08-31,23,156400.0,380
P11 2026-09-07,P11,2026-09-07,25,170000.0,481
P11 2026-09-14,P11,2026-09-14,28,190400.0,453
P11 2026-09-21,P11,2026-09-21,29,197200.0,424
P11 2026-09-28,P11,2026-09-28,24,163200.0,400
P12 2026-07-13,P12,2026-07-13,17,166600.0,396
P12 2026-07-20,P12,2026-07-20,18,176400.0,461
P12 2026-07-27,P12,2026-07-27,19,186200.0,442
P12 2026-08-03,P12,2026-08-03,18,176400.0,424
P12 2026-08-10,P12,2026-08-10,16,156800.0,408
P12 2026-08-17,P12,2026-08-17,20,196000.0,388
P12 2026-08-24,P12,2026-08-24,16,156800.0,372
P12 2026-08-31,P12,2026-08-31,19,186200.0,353
P12 2026-09-07,P12,2026-09-07,16,156800.0,337
P12 2026-09-14,P12,2026-09-14,20,196000.0,317
P12 2026-09-21,P12,2026-09-21,19,186200.0,298
P12 2026-09-28,P12,2026-09-28,18,176400.0,280
P13 2026-07-13,P13,2026-07-13,11,140800.0,232
P13 2026-07-20,P13,2026-07-20,10,128000.0,405
P13 2026-07-27,P13,2026-07-27,17,217600.0,388
P13 2026-08-03,P13,2026-08-03,20,256000.0,368
P13 2026-08-10,P13,2026-08-10,22,281600.0,346
P13 2026-08-17,P13,2026-08-17,23,294400.0,323
P13 2026-08-24,P13,2026-08-24,26,332800.0,297
P13 2026-08-31,P13,2026-08-31,33,422400.0,264
P13 2026-09-07,P13,2026-09-07,38,486400.0,226
P13 2026-09-14,P13,2026-09-14,34,435200.0,192
P13 2026-09-21,P13,2026-09-21,37,473600.0,155
P13 2026-09-28,P13,2026-09-28,45,576000.0,110
P14 2026-07-13,P14,2026-07-13,16,140800.0,400
P14 2026-07-20,P14,2026-07-20,16,140800.0,554
P14 2026-07-27,P14,2026-07-27,23,202400.0,531
P14 2026-08-03,P14,2026-08-03,25,220000.0,506
P14 2026-08-10,P14,2026-08-10,32,281600.0,474
P14 2026-08-17,P14,2026-08-17,31,272800.0,443
P14 2026-08-24,P14,2026-08-24,41,360800.0,402
P14 2026-08-31,P14,2026-08-31,42,369600.0,360
P14 2026-09-07,P14,2026-09-07,53,466400.0,307
P14 2026-09-14,P14,2026-09-14,47,413600.0,260
P14 2026-09-21,P14,2026-09-21,66,580800.0,194
P14 2026-09-28,P14,2026-09-28,54,475200.0,140
P15 2026-07-13,P15,2026-07-13,8,78400.0,166
P15 2026-07-20,P15,2026-07-20,11,107800.0,155
P15 2026-07-27,P15,2026-07-27,15,147000.0,140
P15 2026-08-03,P15,2026-08-03,17,166600.0,123
P15 2026-08-10,P15,2026-08-10,20,196000.0,311
P15 2026-08-17,P15,2026-08-17,20,196000.0,291
P15 2026-08-24,P15,2026-08-24,20,196000.0,271
P15 2026-08-31,P15,2026-08-31,24,235200.0,247
P15 2026-09-07,P15,2026-09-07,29,284200.0,218
P15 2026-09-14,P15,2026-09-14,28,274400.0,190
P15 2026-09-21,P15,2026-09-21,29,284200.0,161
P15 2026-09-28,P15,2026-09-28,31,303800.0,130
P16 2026-07-13,P16,2026-07-13,9,196200.0,130
P16 2026-07-20,P16,2026-07-20,9,196200.0,327
P16 2026-07-27,P16,2026-07-27,12,261600.0,315
P16 2026-08-03,P16,2026-08-03,17,370600.0,298
P16 2026-08-10,P16,2026-08-10,20,436000.0,278
P16 2026-08-17,P16,2026-08-17,21,457800.0,257
P16 2026-08-24,P16,2026-08-24,23,501400.0,234
P16 2026-08-31,P16,2026-08-31,24,523200.0,210
P16 2026-09-07,P16,2026-09-07,32,697600.0,178
P16 2026-09-14,P16,2026-09-14,30,654000.0,148
P16 2026-09-21,P16,2026-09-21,34,741200.0,114
P16 2026-09-28,P16,2026-09-28,34,741200.0,80
P17 2026-07-13,P17,2026-07-13,19,186200.0,310
P17 2026-07-20,P17,2026-07-20,18,176400.0,292
P17 2026-07-27,P17,2026-07-27,20,196000.0,272
P17 2026-08-03,P17,2026-08-03,18,176400.0,254
P17 2026-08-10,P17,2026-08-10,21,205800.0,233
P17 2026-08-17,P17,2026-08-17,21,205800.0,212
P17 2026-08-24,P17,2026-08-24,20,196000.0,192
P17 2026-08-31,P17,2026-08-31,23,225400.0,271
P17 2026-09-07,P17,2026-09-07,23,225400.0,248
P17 2026-09-14,P17,2026-09-14,26,254800.0,222
P17 2026-09-21,P17,2026-09-21,25,245000.0,197
P17 2026-09-28,P17,2026-09-28,27,264600.0,170
P18 2026-07-13,P18,2026-07-13,15,177000.0,319
P18 2026-07-20,P18,2026-07-20,19,224200.0,300
P18 2026-07-27,P18,2026-07-27,15,177000.0,285
P18 2026-08-03,P18,2026-08-03,16,188800.0,380
P18 2026-08-10,P18,2026-08-10,16,188800.0,435
P18 2026-08-17,P18,2026-08-17,16,188800.0,419
P18 2026-08-24,P18,2026-08-24,16,188800.0,403
P18 2026-08-31,P18,2026-08-31,17,200600.0,386
P18 2026-09-07,P18,2026-09-07,19,224200.0,367
P18 2026-09-14,P18,2026-09-14,15,177000.0,352
P18 2026-09-21,P18,2026-09-21,16,188800.0,336
P18 2026-09-28,P18,2026-09-28,16,188800.0,320
P19 2026-07-13,P19,2026-07-13,13,205400.0,73
P19 2026-07-20,P19,2026-07-20,15,237000.0,58
P19 2026-07-27,P19,2026-07-27,14,221200.0,44
P19 2026-08-03,P19,2026-08-03,15,237000.0,29
P19 2026-08-10,P19,2026-08-10,14,221200.0,15
P19 2026-08-17,P19,2026-08-17,15,237000.0,0
P19 2026-08-24,P19,2026-08-24,15,237000.0,75
P19 2026-08-31,P19,2026-08-31,13,205400.0,62
P19 2026-09-07,P19,2026-09-07,14,221200.0,137
P19 2026-09-14,P19,2026-09-14,13,205400.0,124
P19 2026-09-21,P19,2026-09-21,14,221200.0,110
P19 2026-09-28,P19,2026-09-28,15,237000.0,95
P20 2026-07-13,P20,2026-07-13,19,338200.0,127
P20 2026-07-20,P20,2026-07-20,21,373800.0,106
P20 2026-07-27,P20,2026-07-27,19,338200.0,87
P20 2026-08-03,P20,2026-08-03,19,338200.0,68
P20 2026-08-10,P20,2026-08-10,17,302600.0,51
P20 2026-08-17,P20,2026-08-17,17,302600.0,126
P20 2026-08-24,P20,2026-08-24,15,267000.0,111
P20 2026-08-31,P20,2026-08-31,14,249200.0,97
P20 2026-09-07,P20,2026-09-07,14,249200.0,83
P20 2026-09-14,P20,2026-09-14,12,213600.0,71
P20 2026-09-21,P20,2026-09-21,11,195800.0,60
P20 2026-09-28,P20,2026-09-28,10,178000.0,50
P21 2026-07-13,P21,2026-07-13,5,29000.0,274
P21 2026-07-20,P21,2026-07-20,7,40600.0,267
P21 2026-07-27,P21,2026-07-27,8,46400.0,259
P21 2026-08-03,P21,2026-08-03,11,63800.0,248
P21 2026-08-10,P21,2026-08-10,12,69600.0,236
P21 2026-08-17,P21,2026-08-17,14,81200.0,222
P21 2026-08-24,P21,2026-08-24,13,75400.0,209
P21 2026-08-31,P21,2026-08-31,14,81200.0,195
P21 2026-09-07,P21,2026-09-07,17,98600.0,178
P21 2026-09-14,P21,2026-09-14,22,127600.0,305
P21 2026-09-21,P21,2026-09-21,21,121800.0,284
P21 2026-09-28,P21,2026-09-28,24,139200.0,260
P22 2026-07-13,P22,2026-07-13,5,19000.0,398
P22 2026-07-20,P22,2026-07-20,6,22800.0,468
P22 2026-07-27,P22,2026-07-27,8,30400.0,460
P22 2026-08-03,P22,2026-08-03,9,34200.0,451
P22 2026-08-10,P22,2026-08-10,11,41800.0,440
P22 2026-08-17,P22,2026-08-17,13,49400.0,427
P22 2026-08-24,P22,2026-08-24,15,57000.0,412
P22 2026-08-31,P22,2026-08-31,18,68400.0,394
P22 2026-09-07,P22,2026-09-07,18,68400.0,376
P22 2026-09-14,P22,2026-09-14,23,87400.0,353
P22 2026-09-21,P22,2026-09-21,19,72200.0,334
P22 2026-09-28,P22,2026-09-28,24,91200.0,310
P23 2026-07-13,P23,2026-07-13,11,74800.0,177
P23 2026-07-20,P23,2026-07-20,10,68000.0,167
P23 2026-07-27,P23,2026-07-27,13,88400.0,154
P23 2026-08-03,P23,2026-08-03,16,108800.0,138
P23 2026-08-10,P23,2026-08-10,20,136000.0,242
P23 2026-08-17,P23,2026-08-17,21,142800.0,221
P23 2026-08-24,P23,2026-08-24,24,163200.0,197
P23 2026-08-31,P23,2026-08-31,26,176800.0,171
P23 2026-09-07,P23,2026-09-07,29,197200.0,283
P23 2026-09-14,P23,2026-09-14,25,170000.0,258
P23 2026-09-21,P23,2026-09-21,33,224400.0,225
P23 2026-09-28,P23,2026-09-28,35,238000.0,190
P24 2026-07-13,P24,2026-07-13,7,61600.0,165
P24 2026-07-20,P24,2026-07-20,8,70400.0,157
P24 2026-07-27,P24,2026-07-27,10,88000.0,147
P24 2026-08-03,P24,2026-08-03,12,105600.0,135
P24 2026-08-10,P24,2026-08-10,13,114400.0,122
P24 2026-08-17,P24,2026-08-17,15,132000.0,107
P24 2026-08-24,P24,2026-08-24,17,149600.0,183
P24 2026-08-31,P24,2026-08-31,21,184800.0,162
P24 2026-09-07,P24,2026-09-07,23,202400.0,139
P24 2026-09-14,P24,2026-09-14,23,202400.0,116
P24 2026-09-21,P24,2026-09-21,23,202400.0,93
P24 2026-09-28,P24,2026-09-28,23,202400.0,70
P25 2026-07-13,P25,2026-07-13,19,148200.0,224
P25 2026-07-20,P25,2026-07-20,19,148200.0,205
P25 2026-07-27,P25,2026-07-27,20,156000.0,185
P25 2026-08-03,P25,2026-08-03,18,140400.0,167
P25 2026-08-10,P25,2026-08-10,17,132600.0,150
P25 2026-08-17,P25,2026-08-17,18,140400.0,132
P25 2026-08-24,P25,2026-08-24,20,156000.0,237
P25 2026-08-31,P25,2026-08-31,18,140400.0,219
P25 2026-09-07,P25,2026-09-07,18,140400.0,293
P25 2026-09-14,P25,2026-09-14,19,148200.0,274
P25 2026-09-21,P25,2026-09-21,17,132600.0,257
P25 2026-09-28,P25,2026-09-28,17,132600.0,240
P26 2026-07-13,P26,2026-07-13,16,204800.0,100
P26 2026-07-20,P26,2026-07-20,18,230400.0,82
P26 2026-07-27,P26,2026-07-27,22,281600.0,167
P26 2026-08-03,P26,2026-08-03,24,307200.0,143
P26 2026-08-10,P26,2026-08-10,20,256000.0,123
P26 2026-08-17,P26,2026-08-17,22,281600.0,101
P26 2026-08-24,P26,2026-08-24,22,281600.0,79
P26 2026-08-31,P26,2026-08-31,25,320000.0,54
P26 2026-09-07,P26,2026-09-07,23,294400.0,31
P26 2026-09-14,P26,2026-09-14,24,307200.0,158
P26 2026-09-21,P26,2026-09-21,28,358400.0,130
P26 2026-09-28,P26,2026-09-28,30,384000.0,100
P27 2026-07-13,P27,2026-07-13,24,139200.0,328
P27 2026-07-20,P27,2026-07-20,24,139200.0,304
P27 2026-07-27,P27,2026-07-27,28,162400.0,276
P27 2026-08-03,P27,2026-08-03,29,168200.0,353
P27 2026-08-10,P27,2026-08-10,24,139200.0,329
P27 2026-08-17,P27,2026-08-17,29,168200.0,300
P27 2026-08-24,P27,2026-08-24,26,150800.0,274
P27 2026-08-31,P27,2026-08-31,25,145000.0,249
P27 2026-09-07,P27,2026-09-07,26,150800.0,223
P27 2026-09-14,P27,2026-09-14,23,133400.0,200
P27 2026-09-21,P27,2026-09-21,25,145000.0,175
P27 2026-09-28,P27,2026-09-28,25,145000.0,150
P28 2026-07-13,P28,2026-07-13,5,39000.0,295
P28 2026-07-20,P28,2026-07-20,6,46800.0,289
P28 2026-07-27,P28,2026-07-27,6,46800.0,283
P28 2026-08-03,P28,2026-08-03,9,70200.0,274
P28 2026-08-10,P28,2026-08-10,9,70200.0,265
P28 2026-08-17,P28,2026-08-17,11,85800.0,254
P28 2026-08-24,P28,2026-08-24,12,93600.0,242
P28 2026-08-31,P28,2026-08-31,13,101400.0,284
P28 2026-09-07,P28,2026-09-07,18,140400.0,266
P28 2026-09-14,P28,2026-09-14,16,124800.0,250
P28 2026-09-21,P28,2026-09-21,20,156000.0,230
P28 2026-09-28,P28,2026-09-28,20,156000.0,210
P29 2026-07-13,P29,2026-07-13,4,23200.0,206
P29 2026-07-20,P29,2026-07-20,5,29000.0,264
P29 2026-07-27,P29,2026-07-27,8,46400.0,325
P29 2026-08-03,P29,2026-08-03,7,40600.0,318
P29 2026-08-10,P29,2026-08-10,11,63800.0,307
P29 2026-08-17,P29,2026-08-17,13,75400.0,294
P29 2026-08-24,P29,2026-08-24,13,75400.0,281
P29 2026-08-31,P29,2026-08-31,15,87000.0,266
P29 2026-09-07,P29,2026-09-07,19,110200.0,247
P29 2026-09-14,P29,2026-09-14,21,121800.0,226
P29 2026-09-21,P29,2026-09-21,21,121800.0,205
P29 2026-09-28,P29,2026-09-28,25,145000.0,180
P30 2026-07-13,P30,2026-07-13,23,110400.0,73
P30 2026-07-20,P30,2026-07-20,19,91200.0,54
P30 2026-07-27,P30,2026-07-27,18,86400.0,36
P30 2026-08-03,P30,2026-08-03,17,81600.0,19
P30 2026-08-10,P30,2026-08-10,19,91200.0,0
P30 2026-08-17,P30,2026-08-17,13,62400.0,30
P30 2026-08-24,P30,2026-08-24,14,67200.0,16
P30 2026-08-31,P30,2026-08-31,12,57600.0,105
P30 2026-09-07,P30,2026-09-07,12,57600.0,93
P30 2026-09-14,P30,2026-09-14,13,62400.0,80
P30 2026-09-21,P30,2026-09-21,10,48000.0,70
P30 2026-09-28,P30,2026-09-28,10,48000.0,60
U01 2026-07-13,U01,2026-07-13,5,990.0,162
U01 2026-07-20,U01,2026-07-20,6,1188.0,156
U01 2026-07-27,U01,2026-07-27,8,1584.0,148
U01 2026-08-03,U01,2026-08-03,10,1980.0,138
U01 2026-08-10,U01,2026-08-10,12,2376.0,192
U01 2026-08-17,U01,2026-08-17,14,2772.0,238
U01 2026-08-24,U01,2026-08-24,13,2574.0,225
U01 2026-08-31,U01,2026-08-31,15,2970.0,210
U01 2026-09-07,U01,2026-09-07,19,3762.0,191
U01 2026-09-14,U01,2026-09-14,20,3960.0,171
U01 2026-09-21,U01,2026-09-21,24,4752.0,147
U01 2026-09-28,U01,2026-09-28,27,5346.0,120
U02 2026-07-13,U02,2026-07-13,2,378.0,55
U02 2026-07-20,U02,2026-07-20,3,567.0,52
U02 2026-07-27,U02,2026-07-27,4,756.0,94
U02 2026-08-03,U02,2026-08-03,5,945.0,89
U02 2026-08-10,U02,2026-08-10,5,945.0,84
U02 2026-08-17,U02,2026-08-17,6,1134.0,116
U02 2026-08-24,U02,2026-08-24,7,1323.0,109
U02 2026-08-31,U02,2026-08-31,8,1512.0,101
U02 2026-09-07,U02,2026-09-07,10,1890.0,91
U02 2026-09-14,U02,2026-09-14,9,1701.0,82
U02 2026-09-21,U02,2026-09-21,10,1890.0,72
U02 2026-09-28,U02,2026-09-28,12,2268.0,60
U03 2026-07-13,U03,2026-07-13,11,1848.0,294
U03 2026-07-20,U03,2026-07-20,11,1848.0,283
U03 2026-07-27,U03,2026-07-27,15,2520.0,268
U03 2026-08-03,U03,2026-08-03,17,2856.0,251
U03 2026-08-10,U03,2026-08-10,18,3024.0,233
U03 2026-08-17,U03,2026-08-17,22,3696.0,355
U03 2026-08-24,U03,2026-08-24,20,3360.0,335
U03 2026-08-31,U03,2026-08-31,22,3696.0,313
U03 2026-09-07,U03,2026-09-07,28,4704.0,285
U03 2026-09-14,U03,2026-09-14,25,4200.0,260
U03 2026-09-21,U03,2026-09-21,33,5544.0,227
U03 2026-09-28,U03,2026-09-28,27,4536.0,200
U04 2026-07-13,U04,2026-07-13,15,1470.0,147
U04 2026-07-20,U04,2026-07-20,16,1568.0,131
U04 2026-07-27,U04,2026-07-27,15,1470.0,116
U04 2026-08-03,U04,2026-08-03,16,1568.0,100
U04 2026-08-10,U04,2026-08-10,16,1568.0,84
U04 2026-08-17,U04,2026-08-17,20,1960.0,191
U04 2026-08-24,U04,2026-08-24,21,2058.0,250
U04 2026-08-31,U04,2026-08-31,18,1764.0,232
U04 2026-09-07,U04,2026-09-07,20,1960.0,212
U04 2026-09-14,U04,2026-09-14,18,1764.0,194
U04 2026-09-21,U04,2026-09-21,20,1960.0,174
U04 2026-09-28,U04,2026-09-28,24,2352.0,150
U05 2026-07-13,U05,2026-07-13,10,1280.0,207
U05 2026-07-20,U05,2026-07-20,14,1792.0,193
U05 2026-07-27,U05,2026-07-27,15,1920.0,178
U05 2026-08-03,U05,2026-08-03,17,2176.0,161
U05 2026-08-10,U05,2026-08-10,18,2304.0,143
U05 2026-08-17,U05,2026-08-17,21,2688.0,225
U05 2026-08-24,U05,2026-08-24,21,2688.0,293
U05 2026-08-31,U05,2026-08-31,25,3200.0,268
U05 2026-09-07,U05,2026-09-07,27,3456.0,241
U05 2026-09-14,U05,2026-09-14,24,3072.0,217
U05 2026-09-21,U05,2026-09-21,31,3968.0,186
U05 2026-09-28,U05,2026-09-28,36,4608.0,150
U06 2026-07-13,U06,2026-07-13,9,702.0,319
U06 2026-07-20,U06,2026-07-20,10,780.0,309
U06 2026-07-27,U06,2026-07-27,15,1170.0,294
U06 2026-08-03,U06,2026-08-03,14,1092.0,280
U06 2026-08-10,U06,2026-08-10,20,1560.0,260
U06 2026-08-17,U06,2026-08-17,17,1326.0,243
U06 2026-08-24,U06,2026-08-24,21,1638.0,222
U06 2026-08-31,U06,2026-08-31,23,1794.0,199
U06 2026-09-07,U06,2026-09-07,29,2262.0,170
U06 2026-09-14,U06,2026-09-14,26,2028.0,240
U06 2026-09-21,U06,2026-09-21,27,2106.0,213
U06 2026-09-28,U06,2026-09-28,33,2574.0,180
U07 2026-07-13,U07,2026-07-13,13,1144.0,215
U07 2026-07-20,U07,2026-07-20,20,1760.0,429
U07 2026-07-27,U07,2026-07-27,20,1760.0,629
U07 2026-08-03,U07,2026-08-03,30,2640.0,599
U07 2026-08-10,U07,2026-08-10,31,2728.0,568
U07 2026-08-17,U07,2026-08-17,35,3080.0,533
U07 2026-08-24,U07,2026-08-24,45,3960.0,488
U07 2026-08-31,U07,2026-08-31,43,3784.0,445
U07 2026-09-07,U07,2026-09-07,46,4048.0,399
U07 2026-09-14,U07,2026-09-14,51,4488.0,348
U07 2026-09-21,U07,2026-09-21,67,5896.0,281
U07 2026-09-28,U07,2026-09-28,61,5368.0,220
U08 2026-07-13,U08,2026-07-13,7,686.0,136
U08 2026-07-20,U08,2026-07-20,9,882.0,236
U08 2026-07-27,U08,2026-07-27,12,1176.0,224
U08 2026-08-03,U08,2026-08-03,14,1372.0,210
U08 2026-08-10,U08,2026-08-10,15,1470.0,195
U08 2026-08-17,U08,2026-08-17,21,2058.0,288
U08 2026-08-24,U08,2026-08-24,25,2450.0,263
U08 2026-08-31,U08,2026-08-31,29,2842.0,234
U08 2026-09-07,U08,2026-09-07,33,3234.0,201
U08 2026-09-14,U08,2026-09-14,29,2842.0,172
U08 2026-09-21,U08,2026-09-21,40,3920.0,132
U08 2026-09-28,U08,2026-09-28,42,4116.0,90
U09 2026-07-13,U09,2026-07-13,8,864.0,168
U09 2026-07-20,U09,2026-07-20,8,864.0,160
U09 2026-07-27,U09,2026-07-27,11,1188.0,149
U09 2026-08-03,U09,2026-08-03,15,1620.0,134
U09 2026-08-10,U09,2026-08-10,18,1944.0,232
U09 2026-08-17,U09,2026-08-17,19,2052.0,213
U09 2026-08-24,U09,2026-08-24,18,1944.0,195
U09 2026-08-31,U09,2026-08-31,19,2052.0,176
U09 2026-09-07,U09,2026-09-07,24,2592.0,152
U09 2026-09-14,U09,2026-09-14,25,2700.0,127
U09 2026-09-21,U09,2026-09-21,25,2700.0,102
U09 2026-09-28,U09,2026-09-28,32,3456.0,70
U10 2026-07-13,U10,2026-07-13,39,2652.0,255
U10 2026-07-20,U10,2026-07-20,42,2856.0,213
U10 2026-07-27,U10,2026-07-27,39,2652.0,174
U10 2026-08-03,U10,2026-08-03,33,2244.0,141
U10 2026-08-10,U10,2026-08-10,29,1972.0,112
U10 2026-08-17,U10,2026-08-17,35,2380.0,77
U10 2026-08-24,U10,2026-08-24,32,2176.0,240
U10 2026-08-31,U10,2026-08-31,23,1564.0,217
U10 2026-09-07,U10,2026-09-07,24,1632.0,193
U10 2026-09-14,U10,2026-09-14,22,1496.0,171
U10 2026-09-21,U10,2026-09-21,21,1428.0,150
U10 2026-09-28,U10,2026-09-28,20,1360.0,130
U11 2026-07-13,U11,2026-07-13,33,2112.0,450
U11 2026-07-20,U11,2026-07-20,31,1984.0,419
U11 2026-07-27,U11,2026-07-27,32,2048.0,387
U11 2026-08-03,U11,2026-08-03,29,1856.0,358
U11 2026-08-10,U11,2026-08-10,32,2048.0,326
U11 2026-08-17,U11,2026-08-17,36,2304.0,450
U11 2026-08-24,U11,2026-08-24,33,2112.0,417
U11 2026-08-31,U11,2026-08-31,30,1920.0,387
U11 2026-09-07,U11,2026-09-07,32,2048.0,355
U11 2026-09-14,U11,2026-09-14,30,1920.0,325
U11 2026-09-21,U11,2026-09-21,32,2048.0,293
U11 2026-09-28,U11,2026-09-28,33,2112.0,260
U12 2026-07-13,U12,2026-07-13,28,2464.0,194
U12 2026-07-20,U12,2026-07-20,23,2024.0,331
U12 2026-07-27,U12,2026-07-27,27,2376.0,304
U12 2026-08-03,U12,2026-08-03,26,2288.0,278
U12 2026-08-10,U12,2026-08-10,25,2200.0,253
U12 2026-08-17,U12,2026-08-17,23,2024.0,230
U12 2026-08-24,U12,2026-08-24,23,2024.0,207
U12 2026-08-31,U12,2026-08-31,21,1848.0,186
U12 2026-09-07,U12,2026-09-07,23,2024.0,163
U12 2026-09-14,U12,2026-09-14,28,2464.0,286
U12 2026-09-21,U12,2026-09-21,24,2112.0,262
U12 2026-09-28,U12,2026-09-28,22,1936.0,240
U13 2026-07-13,U13,2026-07-13,8,944.0,100
U13 2026-07-20,U13,2026-07-20,9,1062.0,91
U13 2026-07-27,U13,2026-07-27,14,1652.0,77
U13 2026-08-03,U13,2026-08-03,16,1888.0,61
U13 2026-08-10,U13,2026-08-10,17,2006.0,44
U13 2026-08-17,U13,2026-08-17,18,2124.0,26
U13 2026-08-24,U13,2026-08-24,20,2360.0,101
U13 2026-08-31,U13,2026-08-31,29,3422.0,72
U13 2026-09-07,U13,2026-09-07,31,3658.0,193
U13 2026-09-14,U13,2026-09-14,36,4248.0,157
U13 2026-09-21,U13,2026-09-21,38,4484.0,119
U13 2026-09-28,U13,2026-09-28,39,4602.0,80
U14 2026-07-13,U14,2026-07-13,10,780.0,241
U14 2026-07-20,U14,2026-07-20,12,936.0,229
U14 2026-07-27,U14,2026-07-27,14,1092.0,215
U14 2026-08-03,U14,2026-08-03,17,1326.0,198
U14 2026-08-10,U14,2026-08-10,20,1560.0,178
U14 2026-08-17,U14,2026-08-17,22,1716.0,156
U14 2026-08-24,U14,2026-08-24,28,2184.0,290
U14 2026-08-31,U14,2026-08-31,28,2184.0,262
U14 2026-09-07,U14,2026-09-07,37,2886.0,225
U14 2026-09-14,U14,2026-09-14,36,2808.0,189
U14 2026-09-21,U14,2026-09-21,34,2652.0,155
U14 2026-09-28,U14,2026-09-28,45,3510.0,110
U15 2026-07-13,U15,2026-07-13,8,656.0,206
U15 2026-07-20,U15,2026-07-20,10,820.0,196
U15 2026-07-27,U15,2026-07-27,12,984.0,184
U15 2026-08-03,U15,2026-08-03,14,1148.0,170
U15 2026-08-10,U15,2026-08-10,14,1148.0,156
U15 2026-08-17,U15,2026-08-17,17,1394.0,139
U15 2026-08-24,U15,2026-08-24,22,1804.0,117
U15 2026-08-31,U15,2026-08-31,20,1640.0,97
U15 2026-09-07,U15,2026-09-07,22,1804.0,75
U15 2026-09-14,U15,2026-09-14,28,2296.0,151
U15 2026-09-21,U15,2026-09-21,31,2542.0,120
U15 2026-09-28,U15,2026-09-28,25,2050.0,95
U16 2026-07-13,U16,2026-07-13,5,990.0,179
U16 2026-07-20,U16,2026-07-20,8,1584.0,171
U16 2026-07-27,U16,2026-07-27,10,1980.0,161
U16 2026-08-03,U16,2026-08-03,11,2178.0,150
U16 2026-08-10,U16,2026-08-10,12,2376.0,138
U16 2026-08-17,U16,2026-08-17,14,2772.0,124
U16 2026-08-24,U16,2026-08-24,17,3366.0,107
U16 2026-08-31,U16,2026-08-31,23,4554.0,163
U16 2026-09-07,U16,2026-09-07,22,4356.0,141
U16 2026-09-14,U16,2026-09-14,23,4554.0,118
U16 2026-09-21,U16,2026-09-21,29,5742.0,89
U16 2026-09-28,U16,2026-09-28,34,6732.0,55
U17 2026-07-13,U17,2026-07-13,23,1794.0,134
U17 2026-07-20,U17,2026-07-20,22,1716.0,112
U17 2026-07-27,U17,2026-07-27,24,1872.0,211
U17 2026-08-03,U17,2026-08-03,28,2184.0,183
U17 2026-08-10,U17,2026-08-10,23,1794.0,160
U17 2026-08-17,U17,2026-08-17,24,1872.0,136
U17 2026-08-24,U17,2026-08-24,30,2340.0,106
U17 2026-08-31,U17,2026-08-31,31,2418.0,75
U17 2026-09-07,U17,2026-09-07,26,2028.0,49
U17 2026-09-14,U17,2026-09-14,27,2106.0,200
U17 2026-09-21,U17,2026-09-21,32,2496.0,168
U17 2026-09-28,U17,2026-09-28,28,2184.0,140
U18 2026-07-13,U18,2026-07-13,18,1944.0,427
U18 2026-07-20,U18,2026-07-20,22,2376.0,405
U18 2026-07-27,U18,2026-07-27,20,2160.0,385
U18 2026-08-03,U18,2026-08-03,18,1944.0,367
U18 2026-08-10,U18,2026-08-10,21,2268.0,346
U18 2026-08-17,U18,2026-08-17,22,2376.0,324
U18 2026-08-24,U18,2026-08-24,18,1944.0,306
U18 2026-08-31,U18,2026-08-31,19,2052.0,287
U18 2026-09-07,U18,2026-09-07,21,2268.0,266
U18 2026-09-14,U18,2026-09-14,23,2484.0,339
U18 2026-09-21,U18,2026-09-21,20,2160.0,319
U18 2026-09-28,U18,2026-09-28,19,2052.0,300
U19 2026-07-13,U19,2026-07-13,12,1656.0,132
U19 2026-07-20,U19,2026-07-20,11,1518.0,121
U19 2026-07-27,U19,2026-07-27,12,1656.0,109
U19 2026-08-03,U19,2026-08-03,11,1518.0,173
U19 2026-08-10,U19,2026-08-10,11,1518.0,162
U19 2026-08-17,U19,2026-08-17,12,1656.0,150
U19 2026-08-24,U19,2026-08-24,12,1656.0,138
U19 2026-08-31,U19,2026-08-31,9,1242.0,129
U19 2026-09-07,U19,2026-09-07,11,1518.0,118
U19 2026-09-14,U19,2026-09-14,10,1380.0,108
U19 2026-09-21,U19,2026-09-21,11,1518.0,97
U19 2026-09-28,U19,2026-09-28,12,1656.0,85
U20 2026-07-13,U20,2026-07-13,17,2856.0,124
U20 2026-07-20,U20,2026-07-20,21,3528.0,103
U20 2026-07-27,U20,2026-07-27,18,3024.0,85
U20 2026-08-03,U20,2026-08-03,16,2688.0,144
U20 2026-08-10,U20,2026-08-10,16,2688.0,128
U20 2026-08-17,U20,2026-08-17,16,2688.0,112
U20 2026-08-24,U20,2026-08-24,14,2352.0,98
U20 2026-08-31,U20,2026-08-31,13,2184.0,85
U20 2026-09-07,U20,2026-09-07,14,2352.0,71
U20 2026-09-14,U20,2026-09-14,11,1848.0,60
U20 2026-09-21,U20,2026-09-21,10,1680.0,50
U20 2026-09-28,U20,2026-09-28,10,1680.0,40
U21 2026-07-13,U21,2026-07-13,7,378.0,212
U21 2026-07-20,U21,2026-07-20,7,378.0,205
U21 2026-07-27,U21,2026-07-27,10,540.0,195
U21 2026-08-03,U21,2026-08-03,12,648.0,183
U21 2026-08-10,U21,2026-08-10,16,864.0,167
U21 2026-08-17,U21,2026-08-17,18,972.0,149
U21 2026-08-24,U21,2026-08-24,18,972.0,131
U21 2026-08-31,U21,2026-08-31,21,1134.0,110
U21 2026-09-07,U21,2026-09-07,23,1242.0,206
U21 2026-09-14,U21,2026-09-14,25,1350.0,264
U21 2026-09-21,U21,2026-09-21,27,1458.0,237
U21 2026-09-28,U21,2026-09-28,27,1458.0,210
U22 2026-07-13,U22,2026-07-13,7,238.0,454
U22 2026-07-20,U22,2026-07-20,8,272.0,446
U22 2026-07-27,U22,2026-07-27,11,374.0,435
U22 2026-08-03,U22,2026-08-03,14,476.0,421
U22 2026-08-10,U22,2026-08-10,17,578.0,404
U22 2026-08-17,U22,2026-08-17,16,544.0,388
U22 2026-08-24,U22,2026-08-24,19,646.0,369
U22 2026-08-31,U22,2026-08-31,25,850.0,442
U22 2026-09-07,U22,2026-09-07,26,884.0,416
U22 2026-09-14,U22,2026-09-14,31,1054.0,385
U22 2026-09-21,U22,2026-09-21,33,1122.0,352
U22 2026-09-28,U22,2026-09-28,32,1088.0,320
U23 2026-07-13,U23,2026-07-13,12,744.0,233
U23 2026-07-20,U23,2026-07-20,16,992.0,217
U23 2026-07-27,U23,2026-07-27,14,868.0,370
U23 2026-08-03,U23,2026-08-03,20,1240.0,350
U23 2026-08-10,U23,2026-08-10,20,1240.0,330
U23 2026-08-17,U23,2026-08-17,21,1302.0,309
U23 2026-08-24,U23,2026-08-24,27,1674.0,282
U23 2026-08-31,U23,2026-08-31,28,1736.0,254
U23 2026-09-07,U23,2026-09-07,35,2170.0,219
U23 2026-09-14,U23,2026-09-14,32,1984.0,187
U23 2026-09-21,U23,2026-09-21,42,2604.0,145
U23 2026-09-28,U23,2026-09-28,45,2790.0,100
U24 2026-07-13,U24,2026-07-13,6,492.0,82
U24 2026-07-20,U24,2026-07-20,8,656.0,74
U24 2026-07-27,U24,2026-07-27,9,738.0,65
U24 2026-08-03,U24,2026-08-03,11,902.0,162
U24 2026-08-10,U24,2026-08-10,12,984.0,215
U24 2026-08-17,U24,2026-08-17,14,1148.0,201
U24 2026-08-24,U24,2026-08-24,18,1476.0,183
U24 2026-08-31,U24,2026-08-31,20,1640.0,163
U24 2026-09-07,U24,2026-09-07,22,1804.0,141
U24 2026-09-14,U24,2026-09-14,19,1558.0,122
U24 2026-09-21,U24,2026-09-21,24,1968.0,98
U24 2026-09-28,U24,2026-09-28,23,1886.0,75
U25 2026-07-13,U25,2026-07-13,27,1944.0,363
U25 2026-07-20,U25,2026-07-20,24,1728.0,339
U25 2026-07-27,U25,2026-07-27,21,1512.0,318
U25 2026-08-03,U25,2026-08-03,25,1800.0,293
U25 2026-08-10,U25,2026-08-10,23,1656.0,270
U25 2026-08-17,U25,2026-08-17,28,2016.0,242
U25 2026-08-24,U25,2026-08-24,26,1872.0,216
U25 2026-08-31,U25,2026-08-31,24,1728.0,293
U25 2026-09-07,U25,2026-09-07,28,2016.0,265
U25 2026-09-14,U25,2026-09-14,29,2088.0,236
U25 2026-09-21,U25,2026-09-21,21,1512.0,215
U25 2026-09-28,U25,2026-09-28,25,1800.0,190
U26 2026-07-13,U26,2026-07-13,20,2360.0,226
U26 2026-07-20,U26,2026-07-20,20,2360.0,337
U26 2026-07-27,U26,2026-07-27,20,2360.0,317
U26 2026-08-03,U26,2026-08-03,20,2360.0,297
U26 2026-08-10,U26,2026-08-10,22,2596.0,275
U26 2026-08-17,U26,2026-08-17,22,2596.0,253
U26 2026-08-24,U26,2026-08-24,18,2124.0,235
U26 2026-08-31,U26,2026-08-31,20,2360.0,215
U26 2026-09-07,U26,2026-09-07,21,2478.0,194
U26 2026-09-14,U26,2026-09-14,24,2832.0,170
U26 2026-09-21,U26,2026-09-21,23,2714.0,147
U26 2026-09-28,U26,2026-09-28,27,3186.0,120
U27 2026-07-13,U27,2026-07-13,13,702.0,155
U27 2026-07-20,U27,2026-07-20,11,594.0,144
U27 2026-07-27,U27,2026-07-27,10,540.0,134
U27 2026-08-03,U27,2026-08-03,13,702.0,121
U27 2026-08-10,U27,2026-08-10,12,648.0,180
U27 2026-08-17,U27,2026-08-17,11,594.0,169
U27 2026-08-24,U27,2026-08-24,12,648.0,215
U27 2026-08-31,U27,2026-08-31,11,594.0,204
U27 2026-09-07,U27,2026-09-07,12,648.0,192
U27 2026-09-14,U27,2026-09-14,10,540.0,182
U27 2026-09-21,U27,2026-09-21,11,594.0,171
U27 2026-09-28,U27,2026-09-28,11,594.0,160
U28 2026-07-13,U28,2026-07-13,4,288.0,205
U28 2026-07-20,U28,2026-07-20,4,288.0,259
U28 2026-07-27,U28,2026-07-27,6,432.0,253
U28 2026-08-03,U28,2026-08-03,6,432.0,247
U28 2026-08-10,U28,2026-08-10,7,504.0,240
U28 2026-08-17,U28,2026-08-17,9,648.0,231
U28 2026-08-24,U28,2026-08-24,12,864.0,219
U28 2026-08-31,U28,2026-08-31,11,792.0,208
U28 2026-09-07,U28,2026-09-07,13,936.0,195
U28 2026-09-14,U28,2026-09-14,13,936.0,182
U28 2026-09-21,U28,2026-09-21,16,1152.0,166
U28 2026-09-28,U28,2026-09-28,16,1152.0,150
U29 2026-07-13,U29,2026-07-13,4,216.0,288
U29 2026-07-20,U29,2026-07-20,5,270.0,283
U29 2026-07-27,U29,2026-07-27,6,324.0,277
U29 2026-08-03,U29,2026-08-03,6,324.0,330
U29 2026-08-10,U29,2026-08-10,8,432.0,322
U29 2026-08-17,U29,2026-08-17,10,540.0,312
U29 2026-08-24,U29,2026-08-24,10,540.0,302
U29 2026-08-31,U29,2026-08-31,12,648.0,290
U29 2026-09-07,U29,2026-09-07,13,702.0,277
U29 2026-09-14,U29,2026-09-14,15,810.0,262
U29 2026-09-21,U29,2026-09-21,15,810.0,247
U29 2026-09-28,U29,2026-09-28,17,918.0,230
U30 2026-07-13,U30,2026-07-13,8,352.0,89
U30 2026-07-20,U30,2026-07-20,8,352.0,81
U30 2026-07-27,U30,2026-07-27,9,396.0,106
U30 2026-08-03,U30,2026-08-03,7,308.0,99
U30 2026-08-10,U30,2026-08-10,7,308.0,92
U30 2026-08-17,U30,2026-08-17,8,352.0,84
U30 2026-08-24,U30,2026-08-24,7,308.0,77
U30 2026-08-31,U30,2026-08-31,5,220.0,72
U30 2026-09-07,U30,2026-09-07,6,264.0,66
U30 2026-09-14,U30,2026-09-14,5,220.0,100
U30 2026-09-21,U30,2026-09-21,5,220.0,95
U30 2026-09-28,U30,2026-09-28,5,220.0,90
