name,productcode,policy,promoplan,promoperiod,stage
P01,P01,伸びている売れ筋。メールの上位枠で訴求し、関連商品とのセット提案を行う。,"10/15週: ハロウィン企画に関連掲載
10/29週: 早期セールの対象に追加
11/16週: 在庫に応じて追加訴求",2026-10-19 - 2026-12-14,主力
P02,P02,伸びている売れ筋。メールの上位枠で訴求し、関連商品とのセット提案を行う。,"10/05週: プッシュで告知
10/19週: メールのカテゴリ特集に掲載
11/09週: 冬支度企画で再訴求",2026-10-12 - 2026-11-23,主力
P03,P03,定番として安定供給する。季節の切り口に合わせて、露出を調整する。,"10/05週: プッシュで告知
10/19週: メールのカテゴリ特集に掲載
11/09週: 冬支度企画で再訴求",2026-10-12 - 2026-11-09,定番
P04,P04,伸びている売れ筋。メールの上位枠で訴求し、関連商品とのセット提案を行う。,"10/12週: メール特集(アウター)
10/26週: 会員向け先行販売
11/23週: ブラックフライデー予告に掲載",2026-10-19 - 2026-11-30,主力
P05,P05,定番として安定供給する。季節の切り口に合わせて、露出を調整する。,"10/15週: ハロウィン企画に関連掲載
10/29週: 早期セールの対象に追加
11/16週: 在庫に応じて追加訴求",2026-10-19 - 2026-11-30,定番
P06,P06,定番として安定供給する。季節の切り口に合わせて、露出を調整する。,"10/15週: ハロウィン企画に関連掲載
10/29週: 早期セールの対象に追加
11/16週: 在庫に応じて追加訴求",2026-10-19 - 2026-11-16,定番
P07,P07,伸びている売れ筋。メールの上位枠で訴求し、関連商品とのセット提案を行う。,"10/15週: ハロウィン企画に関連掲載
10/29週: 早期セールの対象に追加
11/16週: 在庫に応じて追加訴求",2026-10-05 - 2026-11-30,主力
P08,P08,主力として露出を強化する。需要の伸びに合わせ、在庫を厚めに確保する。,"10/12週: メール特集(トップス)
10/26週: 会員向け先行販売
11/23週: ブラックフライデー予告に掲載",2026-10-19 - 2026-11-30,主力
P09,P09,既存顧客向けに、コーディネート提案で継続的に訴求する。,"10/05週: プッシュで告知
10/19週: メールのカテゴリ特集に掲載
11/09週: 冬支度企画で再訴求",2026-10-19 - 2026-12-14,定番
P10,P10,需要が落ちている。露出を絞り、次シーズンの企画に切り替える。,"10/15週: ハロウィン企画に関連掲載
10/29週: 早期セールの対象に追加
11/16週: 在庫に応じて追加訴求",2026-10-19 - 2026-11-30,在庫調整
P11,P11,既存顧客向けに、コーディネート提案で継続的に訴求する。,"10/15週: ハロウィン企画に関連掲載
10/29週: 早期セールの対象に追加
11/16週: 在庫に応じて追加訴求",2026-10-12 - 2026-12-07,定番
P12,P12,既存顧客向けに、コーディネート提案で継続的に訴求する。,"10/12週: メール特集(ボトムス)
10/26週: 会員向け先行販売
11/23週: ブラックフライデー予告に掲載",2026-10-05 - 2026-11-30,定番
P13,P13,伸びている売れ筋。メールの上位枠で訴求し、関連商品とのセット提案を行う。,"10/15週: ハロウィン企画に関連掲載
10/29週: 早期セールの対象に追加
11/16週: 在庫に応じて追加訴求",2026-10-12 - 2026-12-07,主力
P14,P14,伸びている売れ筋。メールの上位枠で訴求し、関連商品とのセット提案を行う。,"10/05週: プッシュで告知
10/19週: メールのカテゴリ特集に掲載
11/09週: 冬支度企画で再訴求",2026-10-05 - 2026-11-02,主力
P15,P15,既存顧客向けに、コーディネート提案で継続的に訴求する。,"10/05週: プッシュで告知
10/19週: メールのカテゴリ特集に掲載
11/09週: 冬支度企画で再訴求",2026-10-05 - 2026-11-30,定番
P16,P16,主力として露出を強化する。需要の伸びに合わせ、在庫を厚めに確保する。,"10/12週: メール特集(シューズ)
10/26週: 会員向け先行販売
11/23週: ブラックフライデー予告に掲載",2026-10-05 - 2026-11-30,主力
P17,P17,主力として露出を強化する。需要の伸びに合わせ、在庫を厚めに確保する。,"10/12週: メール特集(シューズ)
10/26週: 会員向け先行販売
11/23週: ブラックフライデー予告に掲載",2026-10-12 - 2026-12-07,主力
P18,P18,既存顧客向けに、コーディネート提案で継続的に訴求する。,"10/12週: メール特集(シューズ)
10/26週: 会員向け先行販売
11/23週: ブラックフライデー予告に掲載",2026-10-05 - 2026-11-02,定番
P19,P19,定番として安定供給する。季節の切り口に合わせて、露出を調整する。,"10/15週: ハロウィン企画に関連掲載
10/29週: 早期セールの対象に追加
11/16週: 在庫に応じて追加訴求",2026-10-05 - 2026-11-30,定番
P20,P20,在庫消化を優先する。値引きやセット販売で回収し、追加発注は見送る。,"10/12週: メール特集(シューズ)
10/26週: 会員向け先行販売
11/23週: ブラックフライデー予告に掲載",2026-10-19 - 2026-11-16,在庫調整
P21,P21,伸びている売れ筋。メールの上位枠で訴求し、関連商品とのセット提案を行う。,"10/12週: メール特集(小物)
10/26週: 会員向け先行販売
11/23週: ブラックフライデー予告に掲載",2026-10-12 - 2026-11-09,主力
P22,P22,主力として露出を強化する。需要の伸びに合わせ、在庫を厚めに確保する。,"10/05週: プッシュで告知
10/19週: メールのカテゴリ特集に掲載
11/09週: 冬支度企画で再訴求",2026-10-05 - 2026-11-30,主力
P23,P23,定番として安定供給する。季節の切り口に合わせて、露出を調整する。,"10/15週: ハロウィン企画に関連掲載
10/29週: 早期セールの対象に追加
11/16週: 在庫に応じて追加訴求",2026-10-19 - 2026-12-14,定番
P24,P24,既存顧客向けに、コーディネート提案で継続的に訴求する。,"10/15週: ハロウィン企画に関連掲載
10/29週: 早期セールの対象に追加
11/16週: 在庫に応じて追加訴求",2026-10-05 - 2026-11-16,定番
P25,P25,既存顧客向けに、コーディネート提案で継続的に訴求する。,"10/15週: ハロウィン企画に関連掲載
10/29週: 早期セールの対象に追加
11/16週: 在庫に応じて追加訴求",2026-10-19 - 2026-12-14,定番
P26,P26,伸びている売れ筋。メールの上位枠で訴求し、関連商品とのセット提案を行う。,"10/05週: プッシュで告知
10/19週: メールのカテゴリ特集に掲載
11/09週: 冬支度企画で再訴求",2026-10-12 - 2026-11-23,主力
P27,P27,既存顧客向けに、コーディネート提案で継続的に訴求する。,"10/05週: プッシュで告知
10/19週: メールのカテゴリ特集に掲載
11/09週: 冬支度企画で再訴求",2026-10-12 - 2026-11-09,定番
P28,P28,伸びている売れ筋。メールの上位枠で訴求し、関連商品とのセット提案を行う。,"10/05週: プッシュで告知
10/19週: メールのカテゴリ特集に掲載
11/09週: 冬支度企画で再訴求",2026-10-12 - 2026-12-07,主力
P29,P29,伸びている売れ筋。メールの上位枠で訴求し、関連商品とのセット提案を行う。,"10/12週: メール特集(ホーム)
10/26週: 会員向け先行販売
11/23週: ブラックフライデー予告に掲載",2026-10-19 - 2026-11-16,主力
P30,P30,需要が落ちている。露出を絞り、次シーズンの企画に切り替える。,"10/05週: プッシュで告知
10/19週: メールのカテゴリ特集に掲載
11/09週: 冬支度企画で再訴求",2026-10-12 - 2026-12-07,在庫調整
U01,U01,Rising best seller: feature in top slots and pair with related items.,"Week of 10/05: push announcement
Week of 10/19: category feature email
Week of 11/09: re-promote in the winter prep campaign",2026-10-05 - 2026-11-02,Core
U02,U02,Core item: increase exposure and keep deeper stock as demand grows.,"Week of 10/05: push announcement
Week of 10/19: category feature email
Week of 11/09: re-promote in the winter prep campaign",2026-10-12 - 2026-11-09,Core
U03,U03,Staple: supply steadily and adjust exposure to the seasonal story.,"Week of 10/05: push announcement
Week of 10/19: category feature email
Week of 11/09: re-promote in the winter prep campaign",2026-10-12 - 2026-11-23,Staple
U04,U04,Rising best seller: feature in top slots and pair with related items.,"Week of 10/15: related placement in the Halloween campaign
Week of 10/29: add to the early sale
Week of 11/16: extra push depending on stock",2026-10-12 - 2026-11-23,Core
U05,U05,Promote steadily through outfit suggestions for existing customers.,"Week of 10/12: email feature (Outerwear)
Week of 10/26: members early access
Week of 11/23: included in Black Friday preview",2026-10-12 - 2026-11-23,Staple
U06,U06,Promote steadily through outfit suggestions for existing customers.,"Week of 10/12: email feature (Tops)
Week of 10/26: members early access
Week of 11/23: included in Black Friday preview",2026-10-05 - 2026-11-30,Staple
U07,U07,Rising best seller: feature in top slots and pair with related items.,"Week of 10/05: push announcement
Week of 10/19: category feature email
Week of 11/09: re-promote in the winter prep campaign",2026-10-19 - 2026-12-14,Core
U08,U08,Rising best seller: feature in top slots and pair with related items.,"Week of 10/15: related placement in the Halloween campaign
Week of 10/29: add to the early sale
Week of 11/16: extra push depending on stock",2026-10-19 - 2026-12-14,Core
U09,U09,Promote steadily through outfit suggestions for existing customers.,"Week of 10/15: related placement in the Halloween campaign
Week of 10/29: add to the early sale
Week of 11/16: extra push depending on stock",2026-10-05 - 2026-11-02,Staple
U10,U10,Demand is softening: reduce exposure and shift to next-season planning.,"Week of 10/05: push announcement
Week of 10/19: category feature email
Week of 11/09: re-promote in the winter prep campaign",2026-10-19 - 2026-12-14,Clearance
U11,U11,Staple: supply steadily and adjust exposure to the seasonal story.,"Week of 10/15: related placement in the Halloween campaign
Week of 10/29: add to the early sale
Week of 11/16: extra push depending on stock",2026-10-12 - 2026-12-07,Staple
U12,U12,Staple: supply steadily and adjust exposure to the seasonal story.,"Week of 10/05: push announcement
Week of 10/19: category feature email
Week of 11/09: re-promote in the winter prep campaign",2026-10-05 - 2026-11-02,Staple
U13,U13,Rising best seller: feature in top slots and pair with related items.,"Week of 10/12: email feature (Bottoms)
Week of 10/26: members early access
Week of 11/23: included in Black Friday preview",2026-10-19 - 2026-11-30,Core
U14,U14,Core item: increase exposure and keep deeper stock as demand grows.,"Week of 10/12: email feature (Bottoms)
Week of 10/26: members early access
Week of 11/23: included in Black Friday preview",2026-10-19 - 2026-11-16,Core
U15,U15,Staple: supply steadily and adjust exposure to the seasonal story.,"Week of 10/15: related placement in the Halloween campaign
Week of 10/29: add to the early sale
Week of 11/16: extra push depending on stock",2026-10-19 - 2026-12-14,Staple
U16,U16,Core item: increase exposure and keep deeper stock as demand grows.,"Week of 10/05: push announcement
Week of 10/19: category feature email
Week of 11/09: re-promote in the winter prep campaign",2026-10-05 - 2026-11-16,Core
U17,U17,Rising best seller: feature in top slots and pair with related items.,"Week of 10/12: email feature (Shoes)
Week of 10/26: members early access
Week of 11/23: included in Black Friday preview",2026-10-05 - 2026-11-02,Core
U18,U18,Promote steadily through outfit suggestions for existing customers.,"Week of 10/12: email feature (Shoes)
Week of 10/26: members early access
Week of 11/23: included in Black Friday preview",2026-10-12 - 2026-11-23,Staple
U19,U19,Staple: supply steadily and adjust exposure to the seasonal story.,"Week of 10/12: email feature (Shoes)
Week of 10/26: members early access
Week of 11/23: included in Black Friday preview",2026-10-12 - 2026-11-09,Staple
U20,U20,Demand is softening: reduce exposure and shift to next-season planning.,"Week of 10/05: push announcement
Week of 10/19: category feature email
Week of 11/09: re-promote in the winter prep campaign",2026-10-12 - 2026-11-23,Clearance
U21,U21,Core item: increase exposure and keep deeper stock as demand grows.,"Week of 10/15: related placement in the Halloween campaign
Week of 10/29: add to the early sale
Week of 11/16: extra push depending on stock",2026-10-19 - 2026-12-14,Core
U22,U22,Rising best seller: feature in top slots and pair with related items.,"Week of 10/05: push announcement
Week of 10/19: category feature email
Week of 11/09: re-promote in the winter prep campaign",2026-10-19 - 2026-11-16,Core
U23,U23,Staple: supply steadily and adjust exposure to the seasonal story.,"Week of 10/15: related placement in the Halloween campaign
Week of 10/29: add to the early sale
Week of 11/16: extra push depending on stock",2026-10-12 - 2026-11-09,Staple
U24,U24,Staple: supply steadily and adjust exposure to the seasonal story.,"Week of 10/05: push announcement
Week of 10/19: category feature email
Week of 11/09: re-promote in the winter prep campaign",2026-10-12 - 2026-12-07,Staple
U25,U25,Promote steadily through outfit suggestions for existing customers.,"Week of 10/05: push announcement
Week of 10/19: category feature email
Week of 11/09: re-promote in the winter prep campaign",2026-10-05 - 2026-11-30,Staple
U26,U26,Rising best seller: feature in top slots and pair with related items.,"Week of 10/05: push announcement
Week of 10/19: category feature email
Week of 11/09: re-promote in the winter prep campaign",2026-10-12 - 2026-11-23,Core
U27,U27,Promote steadily through outfit suggestions for existing customers.,"Week of 10/15: related placement in the Halloween campaign
Week of 10/29: add to the early sale
Week of 11/16: extra push depending on stock",2026-10-19 - 2026-12-14,Staple
U28,U28,Core item: increase exposure and keep deeper stock as demand grows.,"Week of 10/05: push announcement
Week of 10/19: category feature email
Week of 11/09: re-promote in the winter prep campaign",2026-10-19 - 2026-12-14,Core
U29,U29,Rising best seller: feature in top slots and pair with related items.,"Week of 10/12: email feature (Home)
Week of 10/26: members early access
Week of 11/23: included in Black Friday preview",2026-10-12 - 2026-11-23,Core
U30,U30,Demand is softening: reduce exposure and shift to next-season planning.,"Week of 10/05: push announcement
Week of 10/19: category feature email
Week of 11/09: re-promote in the winter prep campaign",2026-10-05 - 2026-11-02,Clearance
