商品コード,商品名,カテゴリ,価格,在庫数,季節,売上トレンド,レビュー評価,天候適性,商品説明,画像URL,market
U01,Wool Coat,アウター,198,120,秋冬,上昇,4.6,寒い日,Long wool coat in a classic cut. A staple that goes with everything,https://placehold.co/400x400?text=U01,US
U02,Down Jacket,アウター,189,60,冬,上昇,4.5,寒い日,"Lightweight and warm, with a water-repellent finish for rain and snow",https://placehold.co/400x400?text=U02,US
U03,Trench Coat,アウター,168,200,秋,横ばい,4.3,雨の日,Water-repellent classic trench. Made for rainy commutes,https://placehold.co/400x400?text=U03,US
U04,Rain Parka,アウター,98,150,通年,上昇,4.4,雨の日,"Packable parka with taped seams. Easy to carry, easy to wear",https://placehold.co/400x400?text=U04,US
U05,Light Jacket,アウター,128,150,秋,横ばい,4.2,晴れ,Breathable layer for in-between weather. Easy to slip on,https://placehold.co/400x400?text=U05,US
U06,Cardigan,トップス,78,180,秋冬,横ばい,4.4,晴れ,"Soft, relaxed cardigan that layers over anything",https://placehold.co/400x400?text=U06,US
U07,Crewneck Sweater,トップス,88,220,秋冬,上昇,4.7,寒い日,Smooth merino-blend crewneck. A fall essential,https://placehold.co/400x400?text=U07,US
U08,Turtleneck Sweater,トップス,98,90,冬,上昇,4.6,寒い日,Warm turtleneck with a clean neckline. Great alone or layered,https://placehold.co/400x400?text=U08,US
U09,Cable Knit Sweater,トップス,108,70,秋冬,横ばい,4.5,寒い日,"Chunky cable knit with a cozy, textured look",https://placehold.co/400x400?text=U09,US
U10,Flannel Shirt,トップス,68,130,秋,下降,4.1,晴れ,Brushed cotton flannel in a classic plaid,https://placehold.co/400x400?text=U10,US
U11,Hooded Sweatshirt,トップス,64,260,通年,横ばい,4.3,晴れ,Midweight fleece hoodie for weekends,https://placehold.co/400x400?text=U11,US
U12,Denim Jeans,ボトムス,88,240,通年,横ばい,4.4,晴れ,Straight-fit stretch denim. Comfortable all day,https://placehold.co/400x400?text=U12,US
U13,Wool Trousers,ボトムス,118,80,秋冬,上昇,4.5,寒い日,Tailored wool trousers with a clean drape,https://placehold.co/400x400?text=U13,US
U14,Corduroy Pants,ボトムス,78,110,秋,上昇,4.3,晴れ,Soft wide-wale corduroy with a relaxed fit,https://placehold.co/400x400?text=U14,US
U15,Midi Skirt,ボトムス,82,95,秋冬,横ばい,4.2,晴れ,Flowing midi skirt that moves beautifully,https://placehold.co/400x400?text=U15,US
U16,Leather Boots,シューズ,198,55,秋冬,上昇,4.6,寒い日,Full-grain leather boots that age beautifully,https://placehold.co/400x400?text=U16,US
U17,Rain Boots,シューズ,78,140,通年,上昇,4.5,雨の日,Fully waterproof rubber boots with a comfortable lining,https://placehold.co/400x400?text=U17,US
U18,Sneakers,シューズ,108,300,通年,横ばい,4.4,晴れ,Everyday low-top sneakers with a cushioned sole,https://placehold.co/400x400?text=U18,US
U19,Loafers,シューズ,138,85,通年,横ばい,4.3,晴れ,Polished leather loafers for work and weekends,https://placehold.co/400x400?text=U19,US
U20,Shearling Boots,シューズ,168,40,冬,下降,4.2,寒い日,Shearling-lined boots for the coldest days,https://placehold.co/400x400?text=U20,US
U21,Wool Scarf,小物,54,210,冬,上昇,4.6,寒い日,"Generous wool scarf in a soft, warm weave",https://placehold.co/400x400?text=U21,US
U22,Knit Beanie,小物,34,320,冬,上昇,4.5,寒い日,Ribbed knit beanie. The easiest way to stay warm,https://placehold.co/400x400?text=U22,US
U23,Wrap Shawl,小物,62,100,秋冬,横ばい,4.2,寒い日,Oversized shawl that works as a scarf or a wrap,https://placehold.co/400x400?text=U23,US
U24,Leather Gloves,小物,82,75,冬,横ばい,4.3,寒い日,Lined leather gloves with touchscreen fingertips,https://placehold.co/400x400?text=U24,US
U25,Tote Bag,バッグ,72,190,通年,横ばい,4.4,晴れ,Roomy canvas tote with an inner pocket,https://placehold.co/400x400?text=U25,US
U26,Shoulder Bag,バッグ,118,120,通年,上昇,4.5,晴れ,Structured shoulder bag that fits the essentials,https://placehold.co/400x400?text=U26,US
U27,Rain Tote,バッグ,54,160,通年,横ばい,4.1,雨の日,Water-resistant tote that keeps your things dry,https://placehold.co/400x400?text=U27,US
U28,Loungewear Set,ホーム,72,150,秋冬,上昇,4.6,寒い日,Soft brushed top and pants set for relaxing at home,https://placehold.co/400x400?text=U28,US
U29,Cozy Blanket,ホーム,54,230,冬,上昇,4.7,寒い日,"Plush throw blanket in a warm, neutral tone",https://placehold.co/400x400?text=U29,US
U30,Halloween Gift Set,ホーム,44,90,秋,下降,4.0,晴れ,Seasonal gift set with candles and treats,https://placehold.co/400x400?text=U30,US
