商品コード,商品名,カテゴリ,価格,在庫数,季節,売上トレンド,レビュー評価,天候適性,商品説明,画像URL
P01,ウールコート,アウター,29800,120,秋冬,上昇,4.6,寒い日,上質なウールを使ったロング丈コート。あらゆる着こなしに合う定番,https://placehold.co/400x400?text=P01
P02,ダウンジャケット,アウター,24800,60,冬,上昇,4.5,寒い日,軽量で暖かい。撥水加工で雨雪にも対応,https://placehold.co/400x400?text=P02
P03,トレンチコート,アウター,19800,200,秋,横ばい,4.3,雨の日,撥水素材の定番トレンチ。雨の日の通勤にも,https://placehold.co/400x400?text=P03
P04,レインパーカー,アウター,12800,180,通年,上昇,4.4,雨の日,防水・軽量のパッカブルパーカー,https://placehold.co/400x400?text=P04
P05,ライトジャケット,アウター,14800,150,秋,横ばい,4.0,晴れ,薄手で羽織りやすい秋のジャケット,https://placehold.co/400x400?text=P05
P06,カーディガン,トップス,8800,300,秋冬,横ばい,4.2,寒い日,柔らかなコットンカシミヤ混のカーディガン,https://placehold.co/400x400?text=P06
P07,クルーネックニット,トップス,9800,350,秋冬,上昇,4.5,寒い日,肌触りの良いメリノウールのニット,https://placehold.co/400x400?text=P07
P08,タートルネックニット,トップス,10800,220,冬,上昇,4.4,寒い日,首元まで暖かい定番のタートル,https://placehold.co/400x400?text=P08
P09,ケーブルニット,トップス,11800,90,秋冬,横ばい,4.3,寒い日,編み柄が映える大人のケーブルニット,https://placehold.co/400x400?text=P09
P10,フランネルシャツ,トップス,7800,160,秋,下降,3.9,晴れ,起毛素材の柔らかなシャツ,https://placehold.co/400x400?text=P10
P11,スウェットパーカー,トップス,6800,400,通年,横ばい,4.1,晴れ,裏毛の心地よいパーカー,https://placehold.co/400x400?text=P11
P12,デニムパンツ,ボトムス,9800,280,通年,横ばい,4.2,晴れ,ストレッチ入りで穿きやすい,https://placehold.co/400x400?text=P12
P13,ウールスラックス,ボトムス,12800,110,秋冬,上昇,4.3,寒い日,きれいめに決まるウールスラックス,https://placehold.co/400x400?text=P13
P14,コーデュロイパンツ,ボトムス,8800,140,秋,上昇,4.2,晴れ,秋らしい質感のコーデュロイ,https://placehold.co/400x400?text=P14
P15,ロングスカート,ボトムス,9800,130,秋冬,横ばい,4.1,晴れ,揺れ感のあるプリーツスカート,https://placehold.co/400x400?text=P15
P16,レザーブーツ,シューズ,21800,80,秋冬,上昇,4.6,寒い日,足に馴染む本革のショートブーツ,https://placehold.co/400x400?text=P16
P17,レインブーツ,シューズ,9800,170,通年,上昇,4.4,雨の日,履き口が広く脱ぎ履きしやすい,https://placehold.co/400x400?text=P17
P18,スニーカー,シューズ,11800,320,通年,横ばい,4.3,晴れ,毎日履ける軽量スニーカー,https://placehold.co/400x400?text=P18
P19,ローファー,シューズ,15800,95,通年,横ばい,4.0,晴れ,きれいめカジュアルのローファー,https://placehold.co/400x400?text=P19
P20,ムートンブーツ,シューズ,17800,50,冬,下降,4.2,寒い日,内側ボアで暖かい,https://placehold.co/400x400?text=P20
P21,ウールマフラー,小物,5800,260,冬,上昇,4.5,寒い日,大判で巻きやすいマフラー,https://placehold.co/400x400?text=P21
P22,ニット帽,小物,3800,310,冬,上昇,4.3,寒い日,伸縮性のあるリブ編みニット帽,https://placehold.co/400x400?text=P22
P23,ストール,小物,6800,190,秋冬,横ばい,4.4,寒い日,軽くて暖かい大判ストール,https://placehold.co/400x400?text=P23
P24,レザーグローブ,小物,8800,70,冬,横ばい,4.1,寒い日,スマホ対応の本革グローブ,https://placehold.co/400x400?text=P24
P25,トートバッグ,バッグ,7800,240,通年,横ばい,4.2,晴れ,A4が入る軽量トート,https://placehold.co/400x400?text=P25
P26,ショルダーバッグ,バッグ,12800,100,通年,上昇,4.4,晴れ,コンパクトで使いやすい,https://placehold.co/400x400?text=P26
P27,レインバッグ,バッグ,5800,150,通年,横ばい,4.0,雨の日,撥水加工のバッグ,https://placehold.co/400x400?text=P27
P28,ルームウェアセット,ホーム,7800,210,秋冬,上昇,4.6,寒い日,ふわふわ素材のルームウェア,https://placehold.co/400x400?text=P28
P29,ブランケット,ホーム,5800,180,冬,上昇,4.5,寒い日,ひざ掛けにも使えるブランケット,https://placehold.co/400x400?text=P29
P30,ハロウィンギフトセット,ホーム,4800,60,秋,下降,4.0,晴れ,ハロウィン限定のギフト詰め合わせ,https://placehold.co/400x400?text=P30
